Initial Pos 1,Initial Velocity 1,Initial Pos 2,Initial Velocity 2,B,VHS Deflection Angle,VHS Final Velocity 1, VHS Final Velocity 2, IPL Deflection Angle, IPL Final Velocity
2.87119e-10|3.60813e-10|2.3281e-10,-13.3067|75.473|-34.6695|,5.8792e-10|9.94041e-11|2.02258e-11,45.6951|4.1037|142.292|,4.51631e-10,47.5108,85.4276|-21.3922|15.9136,-53.0392|100.969|91.7092|,180,59.0034|-71.3691|176.961
6.78212e-10|1.61236e-10|4.13603e-10,-35.7196|54.5099|62.9226|,8.08376e-11|3.77448e-10|9.67727e-11,10.9955|63.3019|57.8271|,4.93648e-10,54.6212,-9.18422|74.5288|42.5643,-15.5399|43.283|78.1854|,180,46.7151|8.79168|-5.09533
6.29172e-10|1.61062e-10|1.51535e-10,-10.3112|-75.6807|-1.27128|,3.06976e-10|4.68641e-10|5.28853e-10,22.9772|25.3823|-36.5131|,5.80358e-10,38.1128,-29.6045|-13.6627|22.5508,42.2705|-36.6357|-60.3352|,179.999,33.2894|101.063|-35.2417
4.65041e-10|1.79283e-10|2.61647e-10,38.2488|-22.9001|36.1413|,2.92702e-10|2.71924e-10|5.3597e-10,-32.8871|-13.1288|-32.3779|,3.32139e-10,63.8294,-44.2444|-3.4106|8.76817,49.606|-32.6183|-5.00473|,180,-71.1356|9.77143|-68.5195
1.64964e-10|4.86072e-10|1.21604e-10,26.8031|-106.87|-41.587|,2.45768e-10|3.77073e-10|4.65544e-11,-21.993|-68.6674|-10.4478|,3.69636e-11,87.3554,-24.0655|-71.0042|-11.1582,28.8756|-104.533|-40.8766|,180,-48.7961|38.2028|31.1392
3.40771e-10|6.07439e-10|3.72297e-10,15.4345|-66.0773|-30.9147|,6.15491e-10|4.10923e-10|1.88259e-10,-69.7625|-7.85167|3.57644|,6.78839e-11,84.7487,-72.2268|-7.44873|-6.06861,17.8987|-66.4802|-21.2696|,180,-85.1969|58.2257|34.4912
