Initial Pos 1,Initial Velocity 1,Initial Pos 2,Initial Velocity 2,VHS Final Velocity 1, VHS Final Velocity 2
3.09434e-09|5.83717e-09|1.33762e-09,16.1866|54.7394|-36.9324|,4.69683e-09|6.14708e-09|5.62576e-09,42.3518|9.3056|-3.68949|,42.876814.91641.72763, 15.6615 49.1286-42.3495
