Initial Pos 1,Initial Velocity 1,Initial Pos 2,Initial Velocity 2,VHS Final Velocity 1, VHS Final Velocity 2
2.20229e-09|3.18641e-09|8.84844e-10,-66.0252|10.5371|-33.2904|,6.48145e-09|2.88765e-09|6.00238e-10,72.5692|7.76328|-20.3567|,72.7677129091084|6.74349050086127|-23.5982096461869,-66.2236356159255|11.5569344686644|-30.0488832875897
