Initial Pos 1,Initial Velocity 1,Initial Pos 2,Initial Velocity 2,VHS Final Velocity 1, VHS Final Velocity 2
4.1217e-11|2.55685e-09|4.77128e-09,26.5114|-9.91831|-8.79067|,5.79611e-09|3.32062e-09|5.68324e-09,38.0922|-21.8382|55.0249|,49.7365306608757|-19.0026115296588|50.927610074044,14.8670648064427|-12.7539256009399|-4.69341774558252
