Initial Pos 1,Initial Velocity 1,Initial Pos 2,Initial Velocity 2,VHS Final Velocity 1, VHS Final Velocity 2, CD Deflection Angle, CD Final Velocity
5.37934e-09|3.45877e-09|2.89083e-09,61.9255|-43.6889|-31.3757|,6.08208e-09|1.55477e-09|3.04881e-09,-41.0528|-5.25876|-45.5025|,-41.0528|-5.25876|-45.5025,61.9255|-43.6889|-31.3757|,0.00288175,-61.9228|43.6915|31.3775
