Initial Pos 1,Initial Velocity 1,Initial Pos 2,Initial Velocity 2,B,VHS Deflection Angle,VHS Final Velocity 1, VHS Final Velocity 2, IPL Deflection Angle, IPL Final Velocity
6.30226e-11|2.07876e-10|6.17387e-10,-7.34235|6.11456|19.7398|,9.42831e-11|1.51389e-11|6.59661e-10,-41.8366|110.701|22.0807|,5.55954e-11,85.6927,-45.9222|108.544|28.9496,-3.25675|8.27099|12.8709|,180,-34.4941|104.586|2.34088
2.34535e-10|3.78339e-10|2.40072e-10,-15.175|3.50151|-6.16751|,5.01116e-10|5.48809e-10|1.64331e-11,-36.3475|-19.6648|-13.3404|,2.9758e-10,70.9552,-30.643|-17.4683|-21.8849,-20.8795|1.305|2.37703|,180,-21.1724|-23.1664|-7.17287
9.43627e-11|6.0537e-10|5.54512e-10,-55.6984|-56.4292|61.0592|,5.79437e-10|4.84413e-11|3.28538e-10,35.3074|-17.0197|5.86715|,7.09384e-10,15.469,-39.3488|-80.8919|53.9487,18.9577|7.44301|12.9776|,179.999,91.0066|39.4089|-55.1912
5.59403e-11|4.62902e-10|5.56774e-10,17.4127|-32.6645|48.3905|,8.44332e-11|6.45344e-10|5.78631e-10,32.8765|-20.3147|8.51644|,1.81381e-10,77.8696,32.9132|-12.2323|13.2292,17.3761|-40.7469|43.6777|,180,15.4639|12.3499|-39.8741
1.8591e-10|1.64137e-10|6.82055e-11,-73.0657|-36.3494|79.4648|,6.07905e-10|6.20087e-10|4.51573e-10,-39.9247|16.424|-5.2052|,7.2809e-10,12.4732,-59.1806|-20.8168|88.4919,-53.8099|0.891355|-14.2323|,179.999,33.1422|52.7732|-84.6697
5.16784e-10|1.73552e-10|5.58424e-10,-2.08587|-18.3741|13.5027|,3.42155e-10|1.06574e-10|3.48631e-10,57.7445|-5.11911|-48.8975|,2.80342e-10,68.6331,29.8616|-14.2912|-61.3057,25.7971|-9.20202|25.9109|,180,59.8307|13.255|-62.3999
5.13132e-10|2.16813e-10|3.9449e-11,52.9282|-7.40086|13.5994|,6.32793e-11|9.78932e-11|5.06684e-10,27.6559|50.2148|-56.959|,5.86725e-10,39.4006,0.838374|20.9081|4.346,79.7457|21.9058|-47.7057|,179.999,-25.2715|57.6158|-70.5586
1.68737e-10|3.48605e-10|2.8474e-10,-16.652|-8.88952|-103.072|,5.32677e-10|4.64829e-10|5.97703e-10,-53.2511|3.18628|-54.4593|,4.91e-10,52.9899,-15.9806|5.24055|-55.5978,-53.9225|-10.9438|-101.933|,180,-36.5988|12.0759|48.6129
